generation,best_fitness,elapsed_time
0,-8,0.0075261592864990234
1,-4,0.0220947265625
2,96.0,0.03764224052429199
